Abitibi-Est,689,ABITIBIEST,Abitibi-Témiscamingue
Abitibi-Ouest,681,ABITIBIOUEST,Abitibi-Témiscamingue
Rouyn-Noranda–Témiscamingue,671,ROUYNNORANDATEMISCAMINGUE,Abitibi-Témiscamingue
Matane-Matapédia-Mitis,807,MATANEMATAPEDIAMITIS,Bas-Saint-Laurent
Rimouski,803,RIMOUSKI,Bas-Saint-Laurent
Rivière-du-Loup–Témiscouata–Les Basques,801,RIVIEREDULOUPTEMICOUATALESBASQUES,Bas-Saint-Laurent
Charlesbourg,767,CHARLESBOURG,Capitale-Nationale
Charlevoix–Côte-de-Beaupré,771,CHARLEVOIXCOTEDEBEAUPRE,Capitale-Nationale
Chauveau,769,CHAUVEAU,Capitale-Nationale
Jean-Lesage,757,JEANLESAGE,Capitale-Nationale
Jean-Talon,707,JEANTALON,Capitale-Nationale
La Peltrie,729,LAPELTRIE,Capitale-Nationale
Louis-Hébert,709,LOUISHEBERT,Capitale-Nationale
Montmorency,761,MONTMORENCY,Capitale-Nationale
Portneuf,727,PORTNEUF,Capitale-Nationale
Taschereau,751,TASCHEREAU,Capitale-Nationale
Vanier-Les Rivières,749,VANIERLESRIVIERES,Capitale-Nationale
Arthabaska-L’Érable,147,ARTHABASKALERABLE,Centre-du-Québec
Drummond–Bois-Francs,141,DRUMMONDBOISFRANCS,Centre-du-Québec
Marie-Lacoste-Gérin-Lajoie,139,MARIELACOSTEGERINLAJOIE,Centre-du-Québec
Nicolet-Bécancour,151,NICOLETBECANCOUR,Centre-du-Québec
Beauce-Nord,781,BEAUCENORD,Chaudière-Appalaches
Beauce-Sud,777,BEAUCESUD,Chaudière-Appalaches
Bellechasse,797,BELLECHASSE,Chaudière-Appalaches
Chutes-de-la-Chaudière,789,CHUTESDELACHAUDIERE,Chaudière-Appalaches
Côte-du-Sud,799,COTEDUSUD,Chaudière-Appalaches
Lévis,791,LEVIS,Chaudière-Appalaches
Lotbinière-Frontenac,787,LOTBINIEREFRONTENAC,Chaudière-Appalaches
Duplessis,813,DUPLESSIS,Côte-Nord
René-Lévesque,817,RENELEVESQUE,Côte-Nord
Brome-Missisquoi,157,BROMEMISSISQUOI,Estrie
Daniel-Johnson,131,DANIELJOHNSON,Estrie
Granby,159,GRANBY,Estrie
Mégantic,117,MEGANTIC,Estrie
Orford,127,ORFORD,Estrie
Richmond,137,RICHMOND,Estrie
Saint-François,119,SAINTFRANCOIS,Estrie
Sherbrooke,121,SHERBROOKE,Estrie
Bonaventure,837,BONAVENTURE,Gaspésie–Îles-de-la-Madeleine
Gaspé,809,GASPE,Gaspésie–Îles-de-la-Madeleine
Îles-de-la-Madeleine,811,ILESDELAMADELEINE,Gaspésie–Îles-de-la-Madeleine
Berthier,627,BERTHIER,Lanaudière
Joliette,629,JOLIETTE,Lanaudière
L'Assomption,621,LASSOMPTION,Lanaudière
Masson,611,MASSON,Lanaudière
Repentigny,617,REPENTIGNY,Lanaudière
Rousseau,631,ROUSSEAU,Lanaudière
Terrebonne,609,TERREBONNE,Lanaudière
Argenteuil,589,ARGENTEUIL,Laurentides
Bellefeuille,591,BELLEFEUILLE,Laurentides
Bertrand,641,BERTRAND,Laurentides
Blainville,607,BLAINVILLE,Laurentides
Deux-Montagnes,581,DEUXMONTAGNES,Laurentides
Groulx,577,GROULX,Laurentides
Labelle,649,LABELLE,Laurentides
Les Plaines,601,LESPLAINES,Laurentides
Mirabel,587,MIRABEL,Laurentides
Prévost,637,PREVOST,Laurentides
Saint-Jérôme,597,SAINTJEROME,Laurentides
Chomedey,351,CHOMEDEY,Laval
Fabre,357,FABRE,Laval
Laval-des-Rapides,347,LAVALDESRAPIDES,Laval
Mille-Îles,571,MILLEILES,Laval
Sainte-Rose,359,SAINTROSE,Laval
Vimont-Auteuil,569,VIMONTAUTEUIL,Laval
Champlain,701,CHAMPLAIN,Mauricie
Laviolette–Saint-Maurice,697,LAVIOLETTESAINTMAURICE,Mauricie
Maskinongé,693,MASKINONGE,Mauricie
Trois-Rivières,691,TROISRIVIERES,Mauricie
Beauharnois,179,BEAUHARNOIS,Montérégie
Borduas,237,BORDUAS,Montérégie
Chambly,207,CHAMBLY,Montérégie
Châteauguay,191,CHATEAUGUAY,Montérégie
Huntingdon,171,HUNTINGDON,Montérégie
Iberville,161,IBERVILLE,Montérégie
La Pinière,201,LAPINIERE,Montérégie
La Prairie,199,LAPRAIRIE,Montérégie
Marie-Victorin,219,MARIEVICTORIN,Montérégie
Montarville,227,MONTARVILLE,Montérégie
Richelieu,241,RICHELIEU,Montérégie
Saint-Hyacinthe,239,SAINTHYACINTHE,Montérégie
Saint-Jean,167,SAINTJEAN,Montérégie
Sanguinet,197,SANGUINET,Montérégie
Soulanges,181,SOULANGES,Montérégie
Taillon,221,TAILLON,Montérégie
Vachon,211,VACHON,Montérégie
Vaudreuil,187,VAUDREUIL,Montérégie
Verchères,231,VERCHERES,Montérégie
Pierre-Laporte,217,PIERRELAPORTE,Montérégie
Acadie,299,ACADIE,Montréal
Anjou–Louis-Riel,833,ANJOULOUISRIEL,Montréal
Bourassa-Sauvé,327,BOURASSASAUVE,Montréal
Camille-Laurin,337,CAMILLELAURIN,Montréal
D'Arcy-McGee,277,DARCYMCGEE,Montréal
Gouin,311,GOUIN,Montréal
Hochelaga-Maisonneuve,317,HOCHELAGAMAISONNEUVE,Montréal
Jacques-Cartier,259,JACQUESCARTIER,Montréal
Jeanne-Mance–Viger,331,JEANNEMANCEVIGER,Montréal
LaFontaine,339,LAFONTAINE,Montréal
Laurier-Dorion,307,LAURIERDORION,Montréal
Marguerite-Bourgeoys,251,MARGUERITEBOURGEOYS,Montréal
Marquette,257,MARQUETTE,Montréal
Maurice-Richard,301,MAURICERICHARD,Montréal
Mercier,313,MERCIER,Montréal
Mont-Royal–Outremont,297,MONTROYALOUTREMONT,Montréal
Nelligan,261,NELLIGAN,Montréal
Notre-Dame-de-Grâce,279,NOTREDAMEDEGRACE,Montréal
Pointe-aux-Trembles,341,POINTEAUXTREMBLES,Montréal
Robert-Baldwin,267,ROBERTBALDWIN,Montréal
Rosemont,319,ROSEMONT,Montréal
Saint-Henri–Sainte-Anne,281,SAINTHENRISAINTANNE,Montréal
Saint-Laurent,271,SAINTLAURENT,Montréal
Sainte-Marie–Saint-Jacques,287,SAINTMARIESAINTJACQUES,Montréal
Verdun,247,VERDUN,Montréal
Viau,321,VIAU,Montréal
Westmount–Saint-Louis,291,WESTMOUNTSAINTLOUIS,Montréal
Ungava,831,UNGAVA,Nord-du-Québec
Chapleau,667,CHAPLEAU,Outaouais
Gatineau,661,GATINEAU,Outaouais
Hull,651,HULL,Outaouais
Papineau,669,PAPINEAU,Outaouais
Pontiac,657,PONTIAC,Outaouais
Chicoutimi,821,CHICOUTIMI,Saguenay–Lac-Saint-Jean
Dubuc,819,DUBUC,Saguenay–Lac-Saint-Jean
Jonquière,823,JONQUIERE,Saguenay–Lac-Saint-Jean
Lac-Saint-Jean,827,LACSAINTJEAN,Saguenay–Lac-Saint-Jean
Roberval,829,ROBERVAL,Saguenay–Lac-Saint-Jean
